[
  {
    "name": "Jack",
    "email": "jack@gmail.com",
    "age": 15,
    "marks": { "english": 80, "maths": 90, "science": 87, "socialStudies": 70 }
  },

  {
    "name": "Tom",
    "email": "tom@gmail.com",
    "age": 16,
    "marks": { "english": 90, "maths": 90, "science": 90, "socialStudies": 90 }
  },

  {
    "name": "Roger",
    "email": "roger@gmail.com",
    "age": 17,
    "marks": { "english": 40, "maths": 40, "science": 40, "socialStudies": 40 }
  },

  {
    "name": "Mary",
    "email": "mary@gmail.com",
    "age": 16,
    "marks": { "english": 70, "maths": 70, "science": 70, "socialStudies": 70 }
  }
]
